<?xml version="1.0" encoding="utf-8"?>
<addressBook>

    <person>
        <name>hillisha</name>
        <email>hill@exmaple.com</email>
    </person>

    <person>
        <name>paul</name>
        <email>cleveland@example.com</email>
    </person>

    <person>
        <name>vishaal</name>
        <email>vish@example.com</email>
    </person>

    <person>
        <name>mike</name>
        <email>grady@example.com</email>
    </person>

    <person>
        <name>jamie</name>
        <email>dusted@example.com</email>
    </person>

</addressBook>